,userid,bookid,RATINGS
0,1,1,4
1,1,3,4
2,1,6,4
3,1,47,4
4,1,50,4
5,1,70,4
6,2,5,4
7,2,45,4
8,2,22,4
9,2,3,4
10,2,56,4
11,3,31,4
12,3,42,4
13,3,78,4
14,4,21,4
15,4,32,4
16,4,45,4
17,4,47,4
18,4,52,4
19,4,58,4
20,5,1,4
21,5,21,4
22,5,34,4
23,5,36,4
24,5,39,4
25,5,50,4
26,5,58,4
27,6,2,4
28,6,3,4
29,6,4,4
30,6,5,4
31,6,6,4
32,6,7,4
33,6,8,4
34,6,10,4
35,6,11,4
36,6,13,4
37,6,15,4
38,6,16,4
39,6,17,4
40,6,19,4
41,6,21,4
42,6,22,4
43,6,24,4
44,6,25,4
45,6,26,4
46,6,27,4
47,6,31,4
48,6,32,4
49,6,34,4
50,6,36,4
51,6,41,4
52,6,43,4
53,6,45,4
54,6,46,4
55,6,47,4
56,6,50,4
57,6,54,4
58,6,60,4
59,6,61,4
60,6,62,4
61,6,65,4
62,6,66,4
63,6,76,4
64,6,79,4
65,6,86,4
66,6,87,4
67,6,88,4
68,6,89,4
69,6,92,4
70,6,93,4
71,6,95,4
72,6,100,4
73,7,1,4
74,7,50,4
75,7,58,4
76,8,2,4
77,8,10,4
78,8,11,4
79,8,21,4
80,8,32,4
81,8,34,4
82,8,39,4
83,8,47,4
84,8,50,4
85,9,41,4
86,9,63,4
87,9,48,4
88,9,6,4
89,10,6,4
90,10,45,4
91,10,78,4
92,11,6,4
93,11,10,4
94,11,36,4
95,11,44,4
96,11,95,4
97,12,39,4
98,13,47,4
99,13,45,4
100,13,85,4
101,14,4,4
102,14,7,4
103,14,19,4
104,14,25,4
105,14,32,4
106,14,39,4
107,14,47,4
108,14,95,4
109,15,1,4
110,15,44,4
111,15,47,4
112,16,47,4
113,16,50,4
114,17,1,4
115,17,44,4
116,17,47,4
117,17,50,4
118,18,1,4
119,18,2,4
120,18,6,4
121,18,16,4
122,18,32,4
123,18,34,4
124,18,36,4
125,18,47,4
126,18,50,4
127,18,70,4
128,19,1,2
129,19,2,2
130,19,3,2
131,19,7,2
132,19,10,2
133,19,12,2
134,19,13,2
135,19,15,2
136,19,19,2
137,19,32,2
138,19,34,2
139,19,44,2
140,19,47,2
141,19,48,2
142,19,54,2
143,19,64,2
144,19,65,2
145,19,70,2
146,19,87,2
147,19,92,2
148,20,2,2
149,20,8,2
150,20,13,2
151,20,34,2
152,20,48,2
153,21,1,3
154,21,2,3
155,21,10,3
156,21,19,3
157,21,38,3
158,21,44,3
159,21,48,3
160,22,4,3
161,22,63,3
162,22,18,3
163,22,78,3
164,23,6,3
165,23,29,3
166,23,32,3
167,23,50,3
168,23,58,3
169,24,6,3
170,24,32,3
171,24,50,3
172,24,72,3
173,25,9,3
174,25,2,3
175,25,66,3
176,25,69,3
177,25,92,3
178,25,15,3
179,25,24,3
180,26,10,3
181,26,34,3
182,26,47,3
183,26,57,3
184,26,23,3
185,27,1,3
186,27,2,3
187,27,34,3
188,27,48,3
189,27,60,3
190,27,62,3
191,28,6,3
192,28,16,3
193,28,21,3
194,28,23,3
195,28,31,3
196,28,32,3
197,28,47,3
198,28,50,3
199,28,62,3
200,28,95,3
201,29,50,3
202,29,43,3
203,29,73,3
204,29,97,3
205,29,63,3
206,30,22,3
207,30,28,3
208,30,46,3
209,30,52,3
210,30,88,3
211,30,50,3
212,31,1,3
213,31,5,3
214,31,7,3
215,31,10,3
216,31,17,3
217,31,25,3
218,31,62,3
219,31,83,3
220,32,1,3
221,32,3,3
222,32,6,3
223,32,7,3
224,32,21,3
225,32,24,3
226,32,25,3
227,32,26,3
228,32,32,3
229,32,36,3
230,32,39,3
231,32,50,3
232,32,52,3
233,32,58,3
234,32,62,3
235,32,74,3
236,32,78,3
237,32,95,3
238,32,100,3
239,33,1,3
240,33,7,3
241,33,11,3
242,33,17,3
243,33,21,3
244,33,25,3
245,33,28,3
246,33,32,3
247,33,34,3
248,33,36,3
249,33,39,3
250,33,43,3
251,33,50,3
252,33,58,3
253,33,94,3
254,33,1,3
255,34,10,3
256,34,70,3
257,34,58,3
258,35,11,4
259,35,21,4
260,35,39,4
261,35,50,4
262,35,60,4
263,35,62,4
264,36,25,3
265,36,84,3
266,36,35,3
267,37,68,3
268,37,62,3
269,37,45,3
270,37,37,3
271,37,3,3
272,37,90,3
273,38,11,3
274,38,17,3
275,38,21,3
276,38,39,3
277,38,48,3
278,38,50,3
279,38,62,3
280,39,32,3
281,39,47,3
282,39,50,3
283,40,1,5
284,40,17,5
285,40,19,5
286,40,21,5
287,40,26,5
288,40,31,5
289,40,34,5
290,40,44,5
291,40,46,5
292,40,48,5
293,40,60,5
294,40,62,5
295,40,82,5
296,41,47,4
297,41,50,4
298,42,3,5
299,42,7,5
300,42,10,5
301,42,11,5
302,42,16,5
303,42,19,5
304,42,21,5
305,42,22,5
306,42,47,5
307,42,50,5
308,42,86,5
309,42,95,5
310,43,1,5
311,43,3,5
312,43,5,5
313,43,7,5
314,43,8,5
315,43,10,5
316,43,11,5
317,43,23,5
318,43,29,5
319,43,34,5
320,43,47,5
321,43,48,5
322,43,57,5
323,43,60,5
324,43,79,5
325,43,95,5
326,44,1,3
327,44,3,3
328,44,6,3
329,44,12,3
330,44,18,3
331,44,36,3
332,44,65,3
333,44,66,3
334,44,94,3
335,44,95,3
336,45,1,3
337,45,5,3
338,45,6,3
339,45,7,3
340,45,11,3
341,45,19,3
342,45,21,3
343,45,32,3
344,45,39,3
345,45,50,3
346,45,62,3
347,45,65,3
348,45,69,3
349,45,70,3
350,45,88,3
351,46,1,3
352,46,10,3
353,46,32,3
354,46,39,3
355,46,50,3
356,47,31,3
357,47,47,3
358,47,62,3
359,48,48,3
360,48,48,3
361,48,34,3
362,49,13,4
363,49,67,4
364,49,25,4
365,49,82,4
366,49,36,4
367,49,35,4
368,49,9,4
369,50,1,4
370,50,32,4
371,50,36,4
372,50,57,4
373,50,75,4
374,50,11,4
375,50,43,4
376,51,2,4
377,51,3,4
378,51,7,4
379,51,36,4
380,51,65,4
381,51,70,4
382,51,76,4
383,51,93,4
384,52,24,4
385,52,23,4
386,52,91,4
387,52,36,4
388,52,44,4
389,52,10,4
390,52,16,4
391,53,98,3
392,53,69,3
393,53,61,3
394,53,32,3
395,53,15,3
396,53,78,3
397,53,14,3
398,53,91,3
399,54,1,3
400,54,17,3
401,54,21,3
402,54,32,3
403,54,47,3
404,54,50,3
405,55,18,3
406,55,66,3
407,55,43,3
408,55,8,3
409,55,23,3
410,55,60,3
411,56,10,5
412,56,11,5
413,56,19,5
414,56,39,5
415,56,47,5
416,56,69,5
417,57,1,3
418,57,6,3
419,57,10,3
420,57,11,3
421,57,21,3
422,57,32,3
423,57,39,3
424,57,50,3
425,57,52,3
426,57,65,3
427,57,69,3
428,57,70,3
429,57,89,3
430,57,95,3
431,58,3,3
432,58,5,3
433,58,7,3
434,58,19,3
435,58,21,3
436,58,22,3
437,58,31,3
438,58,32,3
439,58,36,3
440,58,39,3
441,58,44,3
442,58,47,3
443,58,48,3
444,58,50,3
445,58,62,3
446,59,10,3
447,59,41,3
448,60,48,3
449,60,50,3
450,60,60,3
451,61,16,4
452,61,32,4
453,61,50,4
454,62,2,4
455,62,6,4
456,62,47,4
457,63,1,4
458,63,10,4
459,63,32,4
460,63,34,4
461,63,47,4
462,63,50,4
463,64,1,4
464,64,3,4
465,64,6,4
466,64,16,4
467,64,19,4
468,64,22,4
469,64,25,4
470,64,32,4
471,64,34,4
472,64,36,4
473,64,39,4
474,64,45,4
475,64,47,4
476,64,48,4
477,64,50,4
478,64,70,4
479,65,89,4
480,65,30,4
481,65,99,4
482,65,88,4
483,65,49,4
484,65,96,4
485,65,28,4
486,65,25,4
487,65,95,4
488,65,23,4
489,66,1,4
490,66,5,4
491,66,18,4
492,66,19,4
493,66,21,4
494,66,29,4
495,66,32,4
496,66,47,4
497,66,50,4
498,67,25,4
499,67,35,4
500,67,21,4
501,68,1,2
502,68,2,2
503,68,3,2
504,68,5,2
505,68,6,2
506,68,7,2
507,68,10,2
508,68,11,2
509,68,16,2
510,68,17,2
511,68,18,2
512,68,19,2
513,68,25,2
514,68,26,2
515,68,31,2
516,68,34,2
517,68,39,2
518,68,44,2
519,68,47,2
520,68,48,2
521,68,50,2
522,68,62,2
523,68,65,2
524,68,70,2
525,68,95,2
526,69,50,1
527,69,71,1
528,69,55,1
529,70,36,3
530,70,65,3
531,70,72,3
532,70,25,3
533,70,86,3
534,71,1,5
535,71,7,5
536,71,17,5
537,71,24,5
538,71,62,5
539,71,86,5
540,71,95,5
541,72,32,5
542,72,47,5
543,72,50,5
544,73,1,5
545,73,30,5
546,73,49,5
547,74,58,5
548,74,7,5
549,74,94,5
550,74,52,5
551,75,47,4
552,75,16,4
553,75,46,4
554,76,1,4
555,76,47,4
556,76,48,4
557,77,76,4
558,77,35,4
559,77,20,4
560,77,26,4
561,77,63,4
562,78,1,3
563,78,20,3
564,78,32,3
565,78,13,3
566,79,6,3
567,79,53,3
568,79,16,3
569,80,32,3
570,80,50,3
571,81,10,4
572,81,32,4
573,81,47,4
574,82,1,4
575,82,2,4
576,82,6,4
577,82,10,4
578,82,34,4
579,82,47,4
580,83,61,3
581,83,38,3
582,83,2,3
583,83,17,3
584,84,4,3
585,84,5,3
586,84,6,3
587,84,7,3
588,84,10,3
589,84,11,3
590,84,14,3
591,84,17,3
592,84,21,3
593,84,25,3
594,84,31,3
595,84,34,3
596,84,36,3
597,84,45,3
598,84,46,3
599,84,50,3
600,84,52,3
601,84,55,3
602,84,57,3
603,84,62,3
604,84,94,3
605,84,95,3
606,84,100,3
607,85,53,4
608,85,70,4
609,85,81,4
610,86,1,3
611,86,4,3
612,87,60,3
613,87,33,3
614,87,80,3
615,87,1,3
616,88,16,5
617,88,50,5
618,88,69,5
619,89,1,5
620,89,11,5
621,89,88,5
622,90,1,3
623,90,7,3
624,90,14,3
625,90,17,3
626,90,25,3
627,90,32,3
628,90,36,3
629,90,52,3
630,90,58,3
631,90,68,3
632,90,81,3
633,90,82,3
634,90,85,3
635,91,1,3
636,91,2,3
637,91,3,3
638,91,6,3
639,91,10,3
640,91,16,3
641,91,19,3
642,91,21,3
643,91,22,3
644,91,25,3
645,91,29,3
646,91,32,3
647,91,36,3
648,91,39,3
649,91,41,3
650,91,47,3
651,91,50,3
652,91,58,3
653,91,88,3
654,91,92,3
655,91,95,3
656,92,38,3
657,92,53,3
658,92,37,3
659,92,89,3
660,92,86,3
661,93,1,4
662,93,2,4
663,93,10,4
664,93,15,4
665,93,34,4
666,93,60,4
667,93,86,4
668,94,2,4
669,94,10,4
670,94,11,4
671,94,17,4
672,94,19,4
673,94,21,4
674,94,32,4
675,94,34,4
676,94,39,4
677,94,44,4
678,94,47,4
679,94,95,4
680,95,7,4
681,95,18,4
682,95,25,4
683,95,29,4
684,95,32,4
685,95,34,4
686,95,39,4
687,96,1,4
688,96,34,4
689,96,50,4
690,97,39,4
691,97,64,4
692,97,35,4
693,97,7,4
694,98,1,4
695,98,96,4
696,98,83,4
697,98,78,4
698,99,10,4
699,99,22,4
700,99,23,4
701,100,3,4
702,100,11,4
703,100,16,4
704,100,17,4
705,100,19,4
706,100,28,4
707,100,62,4
708,100,74,4
709,100,89,4
710,100,95,4
711,101,56,3
712,101,27,3
713,101,60,3
714,101,35,3
715,101,88,3
716,101,6,3
717,101,50,3
718,101,32,3
719,102,3,3
720,102,6,3
721,102,21,3
722,102,23,3
723,102,39,3
724,102,47,3
725,103,1,3
726,103,2,3
727,103,5,3
728,103,16,3
729,103,18,3
730,103,19,3
731,103,34,3
732,103,36,3
733,103,48,3
734,103,50,3
735,103,60,3
736,103,70,3
737,104,2,4
738,104,10,4
739,104,31,4
740,104,39,4
741,104,47,4
742,104,87,4
743,105,6,4
744,105,16,4
745,105,32,4
746,105,47,4
747,105,50,4
748,106,85,4
749,106,39,4
750,106,79,4
751,106,40,4
752,107,1,4
753,107,2,4
754,107,5,4
755,107,11,4
756,107,62,4
757,108,25,3
758,108,82,3
759,109,6,4
760,109,11,4
761,109,14,4
762,109,16,4
763,109,18,4
764,109,21,4
765,109,25,4
766,109,31,4
767,109,32,4
768,109,34,4
769,109,36,4
770,109,39,4
771,109,45,4
772,109,47,4
773,109,50,4
774,109,52,4
775,109,62,4
776,109,76,4
777,110,47,4
778,111,5,3
779,111,16,3
780,111,24,3
781,111,34,3
782,111,39,3
783,111,48,3
784,111,65,3
785,112,1,3
786,112,2,3
787,112,6,3
788,112,16,3
789,112,17,3
790,112,19,3
791,112,21,3
792,112,25,3
793,112,32,3
794,112,36,3
795,112,39,3
796,112,47,3
797,112,50,3
798,112,62,3
799,112,95,3
800,113,11,3
801,113,25,3
802,113,39,3
803,113,46,3
804,113,64,3
805,113,71,3
806,113,74,3
807,114,66,3
808,114,17,3
809,114,39,3
810,115,21,3
811,115,32,3
812,115,34,3
813,115,88,3
814,116,3,3
815,116,47,3
816,116,93,3
817,117,2,3
818,117,3,3
819,117,5,3
820,117,6,3
821,117,7,3
822,117,10,3
823,117,11,3
824,117,17,3
825,117,19,3
826,117,21,3
827,117,26,3
828,117,31,3
829,117,32,3
830,117,34,3
831,117,36,3
832,117,39,3
833,117,41,3
834,117,44,3
835,117,47,3
836,117,48,3
837,117,50,3
838,117,60,3
839,117,62,3
840,117,73,3
841,118,25,3
842,118,25,3
843,118,32,3
844,118,3,3
845,119,1,3
846,119,10,3
847,119,44,3
848,119,84,3
849,119,78,3
850,120,5,3
851,120,12,3
852,120,32,3
853,120,52,3
854,121,1,3
855,121,5,3
856,121,6,3
857,121,11,3
858,121,16,3
859,121,19,3
860,121,22,3
861,121,25,3
862,121,39,3
863,121,44,3
864,121,47,3
865,121,62,3
866,121,95,3
867,122,2,5
868,122,19,5
869,122,32,5
870,122,47,5
871,122,50,5
872,122,70,5
873,123,47,4
874,123,11,4
875,123,12,4
876,123,4,4
877,123,22,4
878,124,1,4
879,124,50,4
880,125,2,4
881,125,81,4
882,126,34,4
883,126,47,4
884,127,97,4
885,127,31,4
886,127,37,4
887,127,42,4
888,128,3,4
889,128,86,4
890,128,49,4
891,128,60,4
892,128,78,4
893,128,89,4
894,129,47,4
895,129,23,4
896,129,73,4
897,129,16,4
898,129,17,4
899,130,1,3
900,130,32,3
901,130,64,3
902,130,55,3
903,131,31,3
904,131,47,3
905,131,50,3
906,131,73,3
907,132,1,3
908,132,17,3
909,132,29,3
910,132,32,3
911,132,34,3
912,132,39,3
913,132,45,3
914,132,47,3
915,132,48,3
916,132,50,3
917,132,58,3
918,132,70,3
919,132,89,3
920,133,32,3
921,133,47,3
922,133,50,3
923,134,1,3
924,134,47,3
925,134,48,3
926,135,1,5
927,135,2,5
928,135,21,5
929,135,32,5
930,135,47,5
931,135,65,5
932,136,10,5
933,136,15,5
934,136,16,5
935,136,19,5
936,136,23,5
937,136,34,5
938,136,44,5
939,136,47,5
940,136,62,5
941,136,93,5
942,136,95,5
943,137,1,2
944,137,41,2
945,137,50,2
946,137,30,2
947,137,70,2
948,137,84,2
949,137,92,2
950,137,52,2
951,138,33,2
952,138,58,2
953,138,69,2
954,139,19,3
955,139,76,3
956,139,53,3
957,139,88,3
958,140,1,4
959,140,2,4
960,140,6,4
961,140,11,4
962,140,21,4
963,140,22,4
964,140,23,4
965,140,34,4
966,140,47,4
967,140,50,4
968,140,62,4
969,140,86,4
970,140,95,4
971,141,1,4
972,141,19,4
973,141,47,4
974,142,34,4
975,142,36,4
976,142,47,4
977,142,50,4
978,142,95,4
979,143,87,3
980,143,22,3
981,143,83,3
982,143,69,3
983,144,1,3
984,144,2,3
985,144,10,3
986,144,17,3
987,144,19,3
988,144,25,3
989,144,32,3
990,144,34,3
991,144,39,3
992,144,47,3
993,144,48,3
994,145,1,3
995,145,50,3
996,145,88,3
997,145,1,3
998,145,52,3
999,146,32,3
1000,146,32,3
1001,146,84,3
1002,146,39,3
1003,147,5,3
1004,147,67,3
1005,147,39,3
1006,147,24,3
1007,148,65,3
1008,148,61,3
1009,148,75,3
1010,148,10,3
1011,149,2,3
1012,149,32,3
1013,149,64,3
1014,150,3,3
1015,150,5,3
1016,150,6,3
1017,150,7,3
1018,150,25,3
1019,150,32,3
1020,150,36,3
1021,150,52,3
1022,150,58,3
1023,150,62,3
1024,150,79,3
1025,150,95,3
1026,151,1,3
1027,151,3,3
1028,151,9,3
1029,151,12,3
1030,151,62,3
1031,151,75,3
1032,151,92,3
1033,151,95,3
1034,152,47,3
1035,152,50,3
1036,153,1,3
1037,153,2,3
1038,153,46,3
1039,153,2,3
1040,153,24,3
1041,154,93,4
1042,154,52,4
1043,154,8,4
1044,155,1,4
1045,155,25,4
1046,155,69,4
1047,155,93,4
1048,156,1,4
1049,156,11,4
1050,156,17,4
1051,156,19,4
1052,156,21,4
1053,156,25,4
1054,156,34,4
1055,156,39,4
1056,156,45,4
1057,156,47,4
1058,156,50,4
1059,156,52,4
1060,156,58,4
1061,156,62,4
1062,156,68,4
1063,157,92,4
1064,157,25,4
1065,157,22,4
1066,157,16,4
1067,157,27,4
1068,158,30,5
1069,158,87,5
1070,158,61,5
1071,158,41,5
1072,158,21,5
1073,159,1,5
1074,159,31,5
1075,159,62,5
1076,159,31,5
1077,160,1,5
1078,160,2,5
1079,160,6,5
1080,160,10,5
1081,160,22,5
1082,160,32,5
1083,160,34,5
1084,160,44,5
1085,160,47,5
1086,160,50,5
1087,160,60,5
1088,160,76,5
1089,160,79,5
1090,160,85,5
1091,160,93,5
1092,160,95,5
1093,161,1,5
1094,161,48,5
1095,161,95,5
1096,161,84,5
1097,161,34,5
1098,162,4,5
1099,162,16,5
1100,162,17,5
1101,162,31,5
1102,162,36,5
1103,162,50,5
1104,162,62,5
1105,163,8,4
1106,163,32,4
1107,163,33,4
1108,163,7,4
1109,164,69,4
1110,164,62,4
1111,164,67,4
1112,164,21,4
1113,164,79,4
1114,165,75,5
1115,165,7,5
1116,165,21,5
1117,165,43,5
1118,166,1,5
1119,166,6,5
1120,166,10,5
1121,166,17,5
1122,166,32,5
1123,166,47,5
1124,166,50,5
1125,167,1,4
1126,167,39,4
1127,167,69,4
1128,167,13,4
1129,168,86,4
1130,168,90,4
1131,168,61,4
1132,168,83,4
1133,169,1,4
1134,169,2,4
1135,169,3,4
1136,169,5,4
1137,169,7,4
1138,169,11,4
1139,169,34,4
1140,169,39,4
1141,169,48,4
1142,169,60,4
1143,169,62,4
1144,169,73,4
1145,170,5,4
1146,170,10,4
1147,170,34,4
1148,170,48,4
1149,170,95,4
1150,171,1,4
1151,171,25,4
1152,171,29,4
1153,171,32,4
1154,171,36,4
1155,171,47,4
1156,171,81,4
1157,172,69,4
1158,172,72,4
1159,172,1,4
1160,173,10,5
1161,173,17,5
1162,173,40,5
1163,173,33,5
1164,173,65,5
1165,174,10,5
1166,174,11,5
1167,174,32,5
1168,174,34,5
1169,174,39,5
1170,174,50,5
1171,174,62,5
1172,175,63,3
1173,175,4,3
1174,175,36,3
1175,175,90,3
1176,176,10,3
1177,176,39,3
1178,176,47,3
1179,177,1,3
1180,177,2,3
1181,177,7,3
1182,177,11,3
1183,177,16,3
1184,177,19,3
1185,177,28,3
1186,177,39,3
1187,177,47,3
1188,177,48,3
1189,177,50,3
1190,177,60,3
1191,178,1,3
1192,178,10,3
1193,178,25,3
1194,178,47,3
1195,178,50,3
1196,179,1,4
1197,179,3,4
1198,179,7,4
1199,179,9,4
1200,179,18,4
1201,179,19,4
1202,179,32,4
1203,179,34,4
1204,179,47,4
1205,179,52,4
1206,179,65,4
1207,179,95,4
1208,180,75,3
1209,180,67,3
1210,180,46,3
1211,180,11,3
1212,181,5,3
1213,181,6,3
1214,181,7,3
1215,181,10,3
1216,181,11,3
1217,181,16,3
1218,181,21,3
1219,181,22,3
1220,181,24,3
1221,181,25,3
1222,181,31,3
1223,181,34,3
1224,181,39,3
1225,181,45,3
1226,181,47,3
1227,181,61,3
1228,181,62,3
1229,181,79,3
1230,181,86,3
1231,181,100,3
1232,181,51,3
1233,181,2,3
1234,181,78,3
1235,181,89,3
1236,181,99,3
1237,181,80,3
1238,182,1,3
1239,182,6,3
1240,182,10,3
1241,182,14,3
1242,182,16,3
1243,182,17,3
1244,182,18,3
1245,182,21,3
1246,182,23,3
1247,182,25,3
1248,182,26,3
1249,182,29,3
1250,182,32,3
1251,182,36,3
1252,182,41,3
1253,182,44,3
1254,182,45,3
1255,182,47,3
1256,182,50,3
1257,182,69,3
1258,182,70,3
1259,182,76,3
1260,182,81,3
1261,182,89,3
1262,182,94,3
1263,182,97,3
1264,182,100,3
1265,183,69,3
1266,183,34,3
1267,183,27,3
1268,183,1,3
1269,183,73,3
1270,184,39,3
1271,184,10,3
1272,184,25,3
1273,184,34,3
1274,185,1,4
1275,185,34,4
1276,185,8,4
1277,185,79,4
1278,186,1,4
1279,186,2,4
1280,186,10,4
1281,187,16,4
1282,187,25,4
1283,187,29,4
1284,187,47,4
1285,187,50,4
1286,187,70,4
1287,187,97,4
1288,188,7,4
1289,188,69,4
1290,188,46,4
1291,188,62,4
1292,188,76,4
1293,188,80,4
1294,189,52,5
1295,189,41,5
1296,189,8,5
1297,190,87,5
1298,190,46,5
1299,190,86,5
1300,190,33,5
1301,190,16,5
1302,191,1,4
1303,191,6,4
1304,191,16,4
1305,191,17,4
1306,191,21,4
1307,191,25,4
1308,191,32,4
1309,191,34,4
1310,191,36,4
1311,191,39,4
1312,191,47,4
1313,191,50,4
1314,191,52,4
1315,191,58,4
1316,191,72,4
1317,191,85,4
1318,191,94,4
1319,191,95,4
1320,191,99,4
1321,192,10,5
1322,192,47,5
1323,193,1,5
1324,193,61,5
1325,193,37,5
1326,193,39,5
1327,194,48,4
1328,194,62,4
1329,194,4,4
1330,195,6,4
1331,195,10,4
1332,195,16,4
1333,195,25,4
1334,195,32,4
1335,195,36,4
1336,195,50,4
1337,195,70,4
1338,196,62,4
1339,196,71,4
1340,196,57,4
1341,196,4,4
1342,196,25,4
1343,197,50,5
1344,197,53,5
1345,197,90,5
1346,197,6,5
1347,198,17,5
1348,198,24,5
1349,198,25,5
1350,198,32,5
1351,198,34,5
1352,198,36,5
1353,198,47,5
1354,198,50,5
1355,198,58,5
1356,198,66,5
1357,199,6,5
1358,199,7,5
1359,199,11,5
1360,199,20,5
1361,199,21,5
1362,199,25,5
1363,199,36,5
1364,199,47,5
1365,199,50,5
1366,199,62,5
1367,199,81,5
1368,199,85,5
1369,200,1,3
1370,200,5,3
1371,200,10,3
1372,200,19,3
1373,200,34,3
1374,200,39,3
1375,200,47,3
1376,200,62,3
1377,201,1,4
1378,201,11,4
1379,201,16,4
1380,201,24,4
1381,201,25,4
1382,201,32,4
1383,201,34,4
1384,201,46,4
1385,202,1,4
1386,202,2,4
1387,202,6,4
1388,202,10,4
1389,202,11,4
1390,202,29,4
1391,202,32,4
1392,202,44,4
1393,202,49,4
1394,202,50,4
1395,202,58,4
1396,202,62,4
1397,203,31,4
1398,203,93,4
1399,203,1,4
1400,203,42,4
1401,203,32,4
1402,204,47,4
1403,204,1,4
1404,204,85,4
1405,204,95,4
1406,204,12,4
1407,205,100,3
1408,205,5,3
1409,205,48,3
1410,205,78,3
1411,206,1,3
1412,206,7,3
1413,206,14,3
1414,206,17,3
1415,206,25,3
1416,206,32,3
1417,206,36,3
1418,206,58,3
1419,206,62,3
1420,206,95,3
1421,207,100,5
1422,207,49,5
1423,207,14,5
1424,208,10,5
1425,208,68,5
1426,208,62,5
1427,209,79,5
1428,209,84,5
1429,209,61,5
1430,209,37,5
1431,209,98,5
1432,210,14,5
1433,210,71,5
1434,210,4,5
1435,210,52,5
1436,211,50,2
1437,211,52,2
1438,211,63,2
1439,211,6,2
1440,211,84,2
1441,211,33,2
1442,211,53,2
1443,212,87,3
1444,212,83,3
1445,212,59,3
1446,212,43,3
1447,212,9,3
1448,212,95,3
1449,213,1,3
1450,213,62,3
1451,213,79,3
1452,213,45,3
1453,214,1,3
1454,214,17,3
1455,214,25,3
1456,214,62,3
1457,214,66,3
1458,214,83,3
1459,215,50,3
1460,215,96,3
1461,215,21,3
1462,215,66,3
1463,215,51,3
1464,216,1,2
1465,216,21,2
1466,216,34,2
1467,216,39,2
1468,216,48,2
1469,217,1,2
1470,217,2,2
1471,217,3,2
1472,217,6,2
1473,217,9,2
1474,217,10,2
1475,217,12,2
1476,217,19,2
1477,217,20,2
1478,217,22,2
1479,217,34,2
1480,217,38,2
1481,217,44,2
1482,217,45,2
1483,217,47,2
1484,217,50,2
1485,217,60,2
1486,217,65,2
1487,217,87,2
1488,217,89,2
1489,217,95,2
1490,218,16,2
1491,218,86,2
1492,218,15,2
1493,218,41,2
1494,218,35,2
1495,219,1,4
1496,219,2,4
1497,219,6,4
1498,219,10,4
1499,219,19,4
1500,219,21,4
1501,219,32,4
1502,219,44,4
1503,219,47,4
1504,219,50,4
1505,219,65,4
1506,219,95,4
1507,220,1,4
1508,220,6,4
1509,220,10,4
1510,220,32,4
1511,220,34,4
1512,220,47,4
1513,220,50,4
1514,221,2,4
1515,221,29,4
1516,221,32,4
1517,221,50,4
1518,221,58,4
1519,222,2,4
1520,222,19,4
1521,222,32,4
1522,222,47,4
1523,222,50,4
1524,223,1,4
1525,223,34,4
1526,223,47,4
1527,223,44,4
1528,224,39,3
1529,224,77,3
1530,224,4,3
1531,224,38,3
1532,224,5,3
1533,225,69,4
1534,225,81,4
1535,225,52,4
1536,225,6,4
1537,226,1,4
1538,226,2,4
1539,226,3,4
1540,226,10,4
1541,226,16,4
1542,226,19,4
1543,226,22,4
1544,226,32,4
1545,226,39,4
1546,226,44,4
1547,226,47,4
1548,226,48,4
1549,226,60,4
1550,226,63,4
1551,226,65,4
1552,226,69,4
1553,226,88,4
1554,227,17,4
1555,227,32,4
1556,227,47,4
1557,228,50,2
1558,228,65,2
1559,228,53,2
1560,228,44,2
1561,228,62,2
1562,229,1,4
1563,229,5,4
1564,229,10,4
1565,229,19,4
1566,229,21,4
1567,229,34,4
1568,229,36,4
1569,229,45,4
1570,230,2,4
1571,230,34,4
1572,230,39,4
1573,230,47,4
1574,231,4,2
1575,231,95,2
1576,231,71,2
1577,231,22,2
1578,232,1,3
1579,232,2,3
1580,232,10,3
1581,232,39,3
1582,232,47,3
1583,232,48,3
1584,233,1,3
1585,233,47,3
1586,233,50,3
1587,234,1,3
1588,234,24,3
1589,234,34,3
1590,234,42,3
1591,234,48,3
1592,234,60,3
1593,234,65,3
1594,235,10,3
1595,235,11,3
1596,235,21,3
1597,235,25,3
1598,235,32,3
1599,235,34,3
1600,235,36,3
1601,235,39,3
1602,235,48,3
1603,235,62,3
1604,236,24,5
1605,236,57,5
1606,236,23,5
1607,236,89,5
1608,236,5,5
1609,237,32,5
1610,237,50,5
1611,238,27,5
1612,238,45,5
1613,238,6,5
1614,239,1,5
1615,239,6,5
1616,239,11,5
1617,239,16,5
1618,239,20,5
1619,239,21,5
1620,239,23,5
1621,239,32,5
1622,239,47,5
1623,239,50,5
1624,239,95,5
1625,240,1,5
1626,240,2,5
1627,240,3,5
1628,240,10,5
1629,240,16,5
1630,240,19,5
1631,240,31,5
1632,240,34,5
1633,240,39,5
1634,240,44,5
1635,240,46,5
1636,240,48,5
1637,240,60,5
1638,240,95,5
1639,241,47,5
1640,241,50,5
1641,241,99,5
1642,241,100,5
1643,242,21,5
1644,242,32,5
1645,242,39,5
1646,242,47,5
1647,243,10,5
1648,243,36,5
1649,243,44,5
1650,243,48,5
1651,243,62,5
1652,244,6,3
1653,244,10,3
1654,244,57,3
1655,244,92,3
1656,245,6,5
1657,245,91,5
1658,245,55,5
1659,245,94,5
1660,245,66,5
1661,246,17,5
1662,246,28,5
1663,246,29,5
1664,246,50,5
1665,247,1,3
1666,247,32,3
1667,247,47,3
1668,247,50,3
1669,248,10,4
1670,249,1,4
1671,249,2,4
1672,249,19,4
1673,249,20,4
1674,249,32,4
1675,249,47,4
1676,249,48,4
1677,249,50,4
1678,249,70,4
1679,249,89,4
1680,250,45,4
1681,250,99,4
1682,250,60,4
1683,250,40,4
1684,251,47,4
1685,251,75,4
1686,251,23,4
1687,251,88,4
1688,252,1,4
1689,252,54,4
1690,252,16,4
1691,252,19,4
1692,253,29,4
1693,253,4,4
1694,253,87,4
1695,253,28,4
1696,253,59,4
1697,253,72,4
1698,254,1,4
1699,254,32,4
1700,254,47,4
1701,254,50,4
1702,254,79,4
1703,255,34,4
1704,255,79,4
1705,255,42,4
1706,256,18,4
1707,256,42,4
1708,256,18,4
1709,256,16,4
1710,256,25,4
1711,256,76,4
1712,257,7,1
1713,257,16,1
1714,258,45,1
1715,258,28,1
1716,258,97,1
1717,259,2,3
1718,259,32,3
1719,260,29,1
1720,260,47,1
1721,260,50,1
1722,261,16,4
1723,261,47,4
1724,261,50,4
1725,262,4,4
1726,262,7,4
1727,262,10,4
1728,262,17,4
1729,262,21,4
1730,262,25,4
1731,262,26,4
1732,262,28,4
1733,262,36,4
1734,262,48,4
1735,262,50,4
1736,262,57,4
1737,262,85,4
1738,263,1,4
1739,263,11,4
1740,263,17,4
1741,263,24,4
1742,263,34,4
1743,263,36,4
1744,263,39,4
1745,264,1,4
1746,264,32,4
1747,264,48,4
1748,265,25,4
1749,265,32,4
1750,265,36,4
1751,265,79,4
1752,266,1,1
1753,266,6,1
1754,266,16,1
1755,266,17,1
1756,266,21,1
1757,266,24,1
1758,266,32,1
1759,266,39,1
1760,266,45,1
1761,266,50,1
1762,266,64,1
1763,266,69,1
1764,266,95,1
1765,267,29,4
1766,267,58,4
1767,268,29,1
1768,268,41,1
1769,268,46,1
1770,268,47,1
1771,268,50,1
1772,269,1,3
1773,269,3,3
1774,269,5,3
1775,269,6,3
1776,269,9,3
1777,269,25,3
1778,269,32,3
1779,269,63,3
1780,269,74,3
1781,269,76,3
1782,269,79,3
1783,269,81,3
1784,269,95,3
1785,270,1,3
1786,270,3,3
1787,270,5,3
1788,270,6,3
1789,270,7,3
1790,270,9,3
1791,270,14,3
1792,270,17,3
1793,270,25,3
1794,270,32,3
1795,270,36,3
1796,270,52,3
1797,270,58,3
1798,270,62,3
1799,270,79,3
1800,270,95,3
1801,271,32,4
1802,271,91,4
1803,271,4,4
1804,272,13,4
1805,272,36,4
1806,272,38,4
1807,273,1,4
1808,273,12,4
1809,273,21,4
1810,273,32,4
1811,273,34,4
1812,274,1,4
1813,274,2,4
1814,274,6,4
1815,274,8,4
1816,274,10,4
1817,274,12,4
1818,274,16,4
1819,274,19,4
1820,274,20,4
1821,274,22,4
1822,274,23,4
1823,274,24,4
1824,274,29,4
1825,274,32,4
1826,274,34,4
1827,274,44,4
1828,274,47,4
1829,274,48,4
1830,274,50,4
1831,274,60,4
1832,274,62,4
1833,274,65,4
1834,274,69,4
1835,274,70,4
1836,274,86,4
1837,274,87,4
1838,274,88,4
1839,274,93,4
1840,274,95,4
1841,275,1,4
1842,275,17,4
1843,275,21,4
1844,275,25,4
1845,275,32,4
1846,275,34,4
1847,275,39,4
1848,275,45,4
1849,275,50,4
1850,276,1,4
1851,276,2,4
1852,276,5,4
1853,276,7,4
1854,276,12,4
1855,276,19,4
1856,276,62,4
1857,276,88,4
1858,277,1,4
1859,277,32,4
1860,277,62,4
1861,277,65,4
1862,277,95,4
1863,278,50,4
1864,278,44,4
1865,278,8,4
1866,278,100,4
1867,279,1,4
1868,279,50,4
1869,279,36,4
1870,279,69,4
1871,280,1,4
1872,280,7,4
1873,280,19,4
1874,280,27,4
1875,280,39,4
1876,280,50,4
1877,281,58,4
1878,281,70,4
1879,281,49,4
1880,281,75,4
1881,282,1,4
1882,282,6,4
1883,282,10,4
1884,282,16,4
1885,282,25,4
1886,282,31,4
1887,282,32,4
1888,282,50,4
1889,282,66,4
1890,282,85,4
1891,282,49,4
1892,283,1,4
1893,283,39,4
1894,283,63,4
1895,283,69,4
1896,283,70,4
1897,284,2,3
1898,284,10,3
1899,284,15,3
1900,284,19,3
1901,284,20,3
1902,284,21,3
1903,284,32,3
1904,284,39,3
1905,284,44,3
1906,284,47,3
1907,284,95,3
1908,285,84,3
1909,285,61,3
1910,285,71,3
1911,285,45,3
1912,285,20,3
1913,285,50,3
1914,286,6,3
1915,286,7,3
1916,286,39,3
1917,286,47,3
1918,286,70,3
1919,287,16,3
1920,287,29,3
1921,287,48,3
1922,287,50,3
1923,287,62,3
1924,288,1,3
1925,288,2,3
1926,288,3,3
1927,288,5,3
1928,288,10,3
1929,288,12,3
1930,288,13,3
1931,288,17,3
1932,288,21,3
1933,288,32,3
1934,288,34,3
1935,288,43,3
1936,288,47,3
1937,288,48,3
1938,288,73,3
1939,288,87,3
1940,288,95,3
1941,289,3,4
1942,289,16,4
1943,290,1,4
1944,290,11,4
1945,290,24,4
1946,290,25,4
1947,290,34,4
1948,290,36,4
1949,290,50,4
1950,291,1,4
1951,291,34,4
1952,291,79,4
1953,292,1,4
1954,292,10,4
1955,292,19,4
1956,292,32,4
1957,292,34,4
1958,292,62,4
1959,293,1,3
1960,293,71,3
1961,293,16,3
1962,294,2,3
1963,294,3,3
1964,294,6,3
1965,294,10,3
1966,294,12,3
1967,294,19,3
1968,294,21,3
1969,294,39,3
1970,294,44,3
1971,294,47,3
1972,294,50,3
1973,294,60,3
1974,294,65,3
1975,294,69,3
1976,294,70,3
1977,295,18,5
1978,295,29,5
1979,295,50,5
1980,295,70,5
1981,296,50,5
1982,296,11,5
1983,296,88,5
1984,296,58,5
1985,297,6,5
1986,297,22,5
1987,297,47,5
1988,297,50,5
1989,297,70,5
1990,297,79,5
1991,297,95,5
1992,297,100,5
1993,298,1,4
1994,298,2,4
1995,298,16,4
1996,298,32,4
1997,298,47,4
1998,298,50,4
1999,299,2,4
2000,299,99,4
2001,299,50,4
2002,299,28,4
2003,300,70,4
2004,300,15,4
2005,300,17,4
2006,300,88,4
2007,301,10,4
2008,301,17,4
2009,301,21,4
2010,301,36,4
2011,301,47,4
2012,301,50,4
2013,302,3,4
2014,302,14,4
2015,302,17,4
2016,302,21,4
2017,302,25,4
2018,302,32,4
2019,302,36,4
2020,302,47,4
2021,302,58,4
2022,302,95,4
2023,303,16,5
2024,303,32,5
2025,303,93,5
2026,304,1,5
2027,304,2,5
2028,304,7,5
2029,304,10,5
2030,304,11,5
2031,304,13,5
2032,304,17,5
2033,304,21,5
2034,304,32,5
2035,304,36,5
2036,304,46,5
2037,304,58,5
2038,304,60,5
2039,304,62,5
2040,304,73,5
2041,304,81,5
2042,304,86,5
2043,305,2,5
2044,305,6,5
2045,305,16,5
2046,305,25,5
2047,305,32,5
2048,305,34,5
2049,305,47,5
2050,305,50,5
2051,305,70,5
2052,306,46,3
2053,306,85,3
2054,306,84,3
2055,307,1,2
2056,307,2,2
2057,307,3,2
2058,307,10,2
2059,307,16,2
2060,307,18,2
2061,307,19,2
2062,307,21,2
2063,307,22,2
2064,307,24,2
2065,307,27,2
2066,307,31,2
2067,307,32,2
2068,307,39,2
2069,307,47,2
2070,307,50,2
2071,307,62,2
2072,307,65,2
2073,307,70,2
2074,307,72,2
2075,307,88,2
2076,307,94,2
2077,308,2,3
2078,308,3,3
2079,308,6,3
2080,308,19,3
2081,308,21,3
2082,308,25,3
2083,308,36,3
2084,308,39,3
2085,308,48,3
2086,308,50,3
2087,309,50,1
2088,309,84,1
2089,310,16,4
2090,310,58,4
2091,310,32,4
2092,311,16,4
2093,311,40,4
2094,312,6,4
2095,312,16,4
2096,312,32,4
2097,313,6,3
2098,313,10,3
2099,313,29,3
2100,313,32,3
2101,313,39,3
2102,313,47,3
2103,313,50,3
2104,313,70,3
2105,313,76,3
2106,314,1,3
2107,314,6,3
2108,314,7,3
2109,314,10,3
2110,314,11,3
2111,314,15,3
2112,314,17,3
2113,314,21,3
2114,314,22,3
2115,314,23,3
2116,314,26,3
2117,314,31,3
2118,314,32,3
2119,314,39,3
2120,314,41,3
2121,314,44,3
2122,314,47,3
2123,314,50,3
2124,314,52,3
2125,314,60,3
2126,314,62,3
2127,314,95,3
2128,314,100,3
2129,315,79,3
2130,315,76,3
2131,315,77,3
2132,315,63,3
2133,315,91,3
2134,316,45,4
2135,316,48,4
2136,317,6,4
2137,317,16,4
2138,317,32,4
2139,317,47,4
2140,317,50,4
2141,317,97,4
2142,318,2,4
2143,318,6,4
2144,318,18,4
2145,318,19,4
2146,318,29,4
2147,318,32,4
2148,318,47,4
2149,318,48,4
2150,318,72,4
2151,318,97,4
2152,319,5,4
2153,319,15,4
2154,319,93,4
2155,319,16,4
2156,320,14,4
2157,320,60,4
2158,320,94,4
2159,320,97,4
2160,321,2,3
2161,321,3,3
2162,321,5,3
2163,321,19,3
2164,321,21,3
2165,321,24,3
2166,322,1,4
2167,322,2,4
2168,322,10,4
2169,322,11,4
2170,322,47,4
2171,322,50,4
2172,323,1,4
2173,323,2,4
2174,323,17,4
2175,323,19,4
2176,323,22,4
2177,323,29,4
2178,323,32,4
2179,323,34,4
2180,323,36,4
2181,323,48,4
2182,323,50,4
2183,323,60,4
2184,323,62,4
2185,324,31,4
2186,324,47,4
2187,324,8,4
2188,324,19,4
2189,325,6,4
2190,325,19,4
2191,325,22,4
2192,325,29,4
2193,325,30,4
2194,325,32,4
2195,325,58,4
2196,325,80,4
2197,326,20,4
2198,326,47,4
2199,326,50,4
2200,326,97,4
2201,327,50,4
2202,327,84,4
2203,327,68,4
2204,327,16,4
2205,328,1,2
2206,328,13,2
2207,328,34,2
2208,328,39,2
2209,328,47,2
2210,328,50,2
2211,329,50,3
2212,329,34,3
2213,329,81,3
2214,329,66,3
2215,330,1,3
2216,330,2,3
2217,330,3,3
2218,330,16,3
2219,330,25,3
2220,330,29,3
2221,330,32,3
2222,330,34,3
2223,330,47,3
2224,330,50,3
2225,330,58,3
2226,330,62,3
2227,331,10,3
2228,331,34,3
2229,331,50,3
2230,332,1,3
2231,332,16,3
2232,332,32,3
2233,332,47,3
2234,332,50,3
2235,333,53,4
2236,333,33,4
2237,333,63,4
2238,334,1,3
2239,334,10,3
2240,334,47,3
2241,335,50,5
2242,335,73,5
2243,335,39,5
2244,335,6,5
2245,336,1,4
2246,336,6,4
2247,336,47,4
2248,336,50,4
2249,336,70,4
2250,337,1,4
2251,337,3,4
2252,337,5,4
2253,337,6,4
2254,337,7,4
2255,337,9,4
2256,337,12,4
2257,337,14,4
2258,337,16,4
2259,337,17,4
2260,337,24,4
2261,337,25,4
2262,337,27,4
2263,337,31,4
2264,337,32,4
2265,337,36,4
2266,337,41,4
2267,337,47,4
2268,337,50,4
2269,337,62,4
2270,337,65,4
2271,337,66,4
2272,337,74,4
2273,337,76,4
2274,337,79,4
2275,337,95,4
2276,337,100,4
2277,338,50,5
2278,338,59,5
2279,338,73,5
2280,339,1,4
2281,339,6,4
2282,339,16,4
2283,339,32,4
2284,339,47,4
2285,340,10,4
2286,340,59,4
2287,340,48,4
2288,340,83,4
2289,340,84,4
2290,340,6,4
2291,341,1,4
2292,341,40,4
2293,341,15,4
2294,341,99,4
2295,341,13,4
2296,342,24,3
2297,342,29,3
2298,342,28,3
2299,342,24,3
2300,343,50,3
2301,343,46,3
2302,343,13,3
2303,343,9,3
2304,344,63,3
2305,344,45,3
2306,344,73,3
2307,344,56,3
2308,345,11,3
2309,345,32,3
2310,345,87,3
2311,345,42,3
2312,345,89,3
2313,346,17,3
2314,346,47,3
2315,346,50,3
2316,347,1,4
2317,347,2,4
2318,347,10,4
2319,347,11,4
2320,347,19,4
2321,347,32,4
2322,347,34,4
2323,347,39,4
2324,347,47,4
2325,348,50,4
2326,348,92,4
2327,348,42,4
2328,348,5,4
2329,348,7,4
2330,349,10,4
2331,349,34,4
2332,349,41,4
2333,349,14,4
2334,349,37,4
2335,350,1,4
2336,350,7,4
2337,350,12,4
2338,350,17,4
2339,350,32,4
2340,350,65,4
2341,350,95,4
2342,351,12,5
2343,351,47,5
2344,351,63,5
2345,351,52,5
2346,352,47,3
2347,352,50,3
2348,352,97,3
2349,352,6,3
2350,352,39,3
2351,353,1,3
2352,353,2,3
2353,353,5,3
2354,353,6,3
2355,353,9,3
2356,353,10,3
2357,353,11,3
2358,353,19,3
2359,353,22,3
2360,353,25,3
2361,353,32,3
2362,353,34,3
2363,353,39,3
2364,353,47,3
2365,353,69,3
2366,353,70,3
2367,354,10,3
2368,354,32,3
2369,354,34,3
2370,354,44,3
2371,354,47,3
2372,354,50,3
2373,354,70,3
2374,355,60,3
2375,355,1,3
2376,355,69,3
2377,355,95,3
2378,356,21,3
2379,356,50,3
2380,356,62,3
2381,357,1,3
2382,357,2,3
2383,357,11,3
2384,357,16,3
2385,357,17,3
2386,357,19,3
2387,357,34,3
2388,357,36,3
2389,357,39,3
2390,357,50,3
2391,357,62,3
2392,358,38,3
2393,358,66,3
2394,358,27,3
2395,358,41,3
2396,359,1,3
2397,359,2,3
2398,359,34,3
2399,359,58,3
2400,360,43,3
2401,360,38,3
2402,360,17,3
2403,360,44,3
2404,361,10,4
2405,361,70,4
2406,362,6,2
2407,362,16,2
2408,362,31,2
2409,362,47,2
2410,362,50,2
2411,362,70,2
2412,363,50,2
2413,363,95,2
2414,364,1,3
2415,364,9,3
2416,364,32,3
2417,364,95,3
2418,365,80,3
2419,365,66,3
2420,365,92,3
2421,365,93,3
2422,365,16,3
2423,366,42,3
2424,366,31,3
2425,366,73,3
2426,366,13,3
2427,367,1,2
2428,367,34,2
2429,367,39,2
2430,368,3,3
2431,368,6,3
2432,368,10,3
2433,368,16,3
2434,368,21,3
2435,368,22,3
2436,368,42,3
2437,368,47,3
2438,368,50,3
2439,368,70,3
2440,368,79,3
2441,368,81,3
2442,368,95,3
2443,369,19,3
2444,369,47,3
2445,369,71,3
2446,369,20,3
2447,369,32,3
2448,370,39,3
2449,370,47,3
2450,370,50,3
2451,371,48,3
2452,371,85,3
2453,371,83,3
2454,371,13,3
2455,372,1,5
2456,372,6,5
2457,372,8,5
2458,372,10,5
2459,372,11,5
2460,372,14,5
2461,372,16,5
2462,372,21,5
2463,372,25,5
2464,372,31,5
2465,372,32,5
2466,372,34,5
2467,372,36,5
2468,372,39,5
2469,372,41,5
2470,372,47,5
2471,372,48,5
2472,372,50,5
2473,372,52,5
2474,372,62,5
2475,372,70,5
2476,372,71,5
2477,372,81,5
2478,373,1,3
2479,373,2,3
2480,373,6,3
2481,373,11,3
2482,373,16,3
2483,373,19,3
2484,373,21,3
2485,373,22,3
2486,373,25,3
2487,373,32,3
2488,373,34,3
2489,373,44,3
2490,373,47,3
2491,373,50,3
2492,373,60,3
2493,373,95,3
2494,374,100,3
2495,374,39,3
2496,374,28,3
2497,375,32,4
2498,375,22,4
2499,375,20,4
2500,375,88,4
2501,375,33,4
2502,376,10,4
2503,376,19,4
2504,376,32,4
2505,376,95,4
2506,377,19,4
2507,377,32,4
2508,377,34,4
2509,378,1,4
2510,378,36,4
2511,379,19,4
2512,379,21,4
2513,379,34,4
2514,379,47,4
2515,380,1,5
2516,380,2,5
2517,380,6,5
2518,380,10,5
2519,380,12,5
2520,380,16,5
2521,380,18,5
2522,380,19,5
2523,380,21,5
2524,380,32,5
2525,380,34,5
2526,380,44,5
2527,380,47,5
2528,380,48,5
2529,380,50,5
2530,380,60,5
2531,380,70,5
2532,380,76,5
2533,380,95,5
2534,381,1,3
2535,381,2,3
2536,381,19,3
2537,381,32,3
2538,381,34,3
2539,381,47,3
2540,381,48,3
2541,381,50,3
2542,381,62,3
2543,382,1,3
2544,382,50,3
2545,383,18,3
2546,383,16,3
2547,383,70,3
2548,384,60,3
2549,384,81,3
2550,384,30,3
2551,384,60,3
2552,385,1,3
2553,385,6,3
2554,385,10,3
2555,385,14,3
2556,385,16,3
2557,385,21,3
2558,385,25,3
2559,385,32,3
2560,385,45,3
2561,385,50,3
2562,385,62,3
2563,385,68,3
2564,385,85,3
2565,385,94,3
2566,385,95,3
2567,386,6,3
2568,386,10,3
2569,386,16,3
2570,386,20,3
2571,386,21,3
2572,386,22,3
2573,386,25,3
2574,386,32,3
2575,386,34,3
2576,386,39,3
2577,386,44,3
2578,386,45,3
2579,386,47,3
2580,386,50,3
2581,387,10,3
2582,387,11,3
2583,387,29,3
2584,387,31,3
2585,387,32,3
2586,387,39,3
2587,387,44,3
2588,387,45,3
2589,387,47,3
2590,387,50,3
2591,387,63,3
2592,387,70,3
2593,387,71,3
2594,387,97,3
2595,388,7,3
2596,388,89,3
2597,388,53,3
2598,388,66,3
2599,388,92,3
2600,389,1,3
2601,389,5,3
2602,389,6,3
2603,389,9,3
2604,389,17,3
2605,389,25,3
2606,389,32,3
2607,389,62,3
2608,389,65,3
2609,389,95,3
2610,390,28,3
2611,390,66,3
2612,390,32,3
2613,390,74,3
2614,391,1,3
2615,391,6,3
2616,391,10,3
2617,391,25,3
2618,391,29,3
2619,391,32,3
2620,391,34,3
2621,391,47,3
2622,391,50,3
2623,391,58,3
2624,391,70,3
2625,392,54,3
2626,392,18,3
2627,392,96,3
2628,393,5,3
2629,393,61,3
2630,393,48,3
2631,393,40,3
2632,394,34,3
2633,394,50,3
2634,395,2,3
2635,395,10,3
2636,395,34,3
2637,395,48,3
2638,395,60,3
2639,395,95,3
2640,396,1,3
2641,396,44,3
2642,396,45,3
2643,396,50,3
2644,397,1,3
2645,397,82,3
2646,397,93,3
2647,398,32,3
2648,398,83,3
2649,398,32,3
2650,398,55,3
2651,399,1,3
2652,400,6,3
2653,400,47,3
2654,400,50,3
2655,401,1,3
2656,401,48,3
2657,402,5,4
2658,402,9,4
2659,402,25,4
2660,402,36,4
2661,402,47,4
2662,402,52,4
2663,402,61,4
2664,402,95,4
2665,403,47,4
2666,404,11,4
2667,404,17,4
2668,404,21,4
2669,404,34,4
2670,404,36,4
2671,404,47,4
2672,404,62,4
2673,405,16,4
2674,405,25,4
2675,405,32,4
2676,405,70,4
2677,406,29,4
2678,406,32,4
2679,406,40,4
2680,407,8,4
2681,407,26,4
2682,407,88,4
2683,407,60,4
2684,408,10,4
2685,408,19,4
2686,408,44,4
2687,409,39,3
2688,410,3,3
2689,410,11,3
2690,410,21,3
2691,410,52,3
2692,410,58,3
2693,411,1,3
2694,411,2,3
2695,411,4,3
2696,411,7,3
2697,411,10,3
2698,411,11,3
2699,411,21,3
2700,411,22,3
2701,411,31,3
2702,411,34,3
2703,411,46,3
2704,411,47,3
2705,411,50,3
2706,411,52,3
2707,411,62,3
2708,412,1,3
2709,412,17,3
2710,412,34,3
2711,412,47,3
2712,413,16,3
2713,413,3,3
2714,413,86,3
2715,413,55,3
2716,414,1,3
2717,414,2,3
2718,414,3,3
2719,414,5,3
2720,414,6,3
2721,414,7,3
2722,414,8,3
2723,414,10,3
2724,414,11,3
2725,414,15,3
2726,414,16,3
2727,414,17,3
2728,414,18,3
2729,414,21,3
2730,414,22,3
2731,414,23,3
2732,414,24,3
2733,414,25,3
2734,414,27,3
2735,414,31,3
2736,414,32,3
2737,414,34,3
2738,414,36,3
2739,414,39,3
2740,414,42,3
2741,414,44,3
2742,414,45,3
2743,414,46,3
2744,414,47,3
2745,414,48,3
2746,414,50,3
2747,414,52,3
2748,414,54,3
2749,414,57,3
2750,414,62,3
2751,414,65,3
2752,414,71,3
2753,414,72,3
2754,414,75,3
2755,414,78,3
2756,414,81,3
2757,414,86,3
2758,414,88,3
2759,414,89,3
2760,414,92,3
2761,414,94,3
2762,414,95,3
2763,415,47,2
2764,415,50,2
2765,416,35,3
2766,416,66,3
2767,416,24,3
2768,416,65,3
2769,416,38,3
2770,416,45,3
2771,416,72,3
2772,417,47,3
2773,417,64,3
2774,417,83,3
2775,418,50,4
2776,418,68,4
2777,418,56,4
2778,418,87,4
2779,419,10,4
2780,419,47,4
2781,419,50,4
2782,420,1,4
2783,420,32,4
2784,420,73,4
2785,421,73,4
2786,421,12,4
2787,421,85,4
2788,421,31,4
2789,422,1,4
2790,422,63,4
2791,422,10,4
2792,423,82,4
2793,423,11,4
2794,423,22,4
2795,423,91,4
2796,423,98,4
2797,423,50,4
2798,424,32,4
2799,424,47,4
2800,424,50,4
2801,424,52,4
2802,425,2,3
2803,425,6,3
2804,425,10,3
2805,425,32,3
2806,425,34,3
2807,425,36,3
2808,425,47,3
2809,425,50,3
2810,425,58,3
2811,425,70,3
2812,425,95,3
2813,426,2,3
2814,426,31,3
2815,426,47,3
2816,427,16,3
2817,427,58,3
2818,427,9,3
2819,427,47,3
2820,428,9,2
2821,428,19,2
2822,428,22,2
2823,428,44,2
2824,428,69,2
2825,428,70,2
2826,428,95,2
2827,429,22,2
2828,429,48,2
2829,429,60,2
2830,430,34,2
2831,430,13,2
2832,430,38,2
2833,431,22,2
2834,431,28,2
2835,431,45,2
2836,431,76,2
2837,431,97,2
2838,432,1,3
2839,432,2,3
2840,432,19,3
2841,432,25,3
2842,432,36,3
2843,432,47,3
2844,432,50,3
2845,433,47,2
2846,433,50,2
2847,434,1,3
2848,434,2,3
2849,434,6,3
2850,434,10,3
2851,434,32,3
2852,434,34,3
2853,434,39,3
2854,434,47,3
2855,434,95,3
2856,435,48,3
2857,435,50,3
2858,436,1,4
2859,436,2,4
2860,436,8,4
2861,436,34,4
2862,436,48,4
2863,436,60,4
2864,437,5,4
2865,437,6,4
2866,437,9,4
2867,437,14,4
2868,437,16,4
2869,437,17,4
2870,437,25,4
2871,437,31,4
2872,437,32,4
2873,437,36,4
2874,437,43,4
2875,437,47,4
2876,437,50,4
2877,437,52,4
2878,437,62,4
2879,437,78,4
2880,437,79,4
2881,437,81,4
2882,437,86,4
2883,437,95,4
2884,438,1,4
2885,438,6,4
2886,438,10,4
2887,438,11,4
2888,438,19,4
2889,438,21,4
2890,438,32,4
2891,438,44,4
2892,438,62,4
2893,438,70,4
2894,438,71,4
2895,438,95,4
2896,439,45,4
2897,439,55,4
2898,439,47,4
2899,439,69,4
2900,440,29,4
2901,440,49,4
2902,440,51,4
2903,440,77,4
2904,441,10,4
2905,441,47,4
2906,442,8,4
2907,442,56,4
2908,442,99,4
2909,442,60,4
2910,443,1,4
2911,444,6,4
2912,444,16,4
2913,444,21,4
2914,444,47,4
2915,444,50,4
2916,444,58,4
2917,444,97,4
2918,444,100,4
2919,445,17,4
2920,445,32,4
2921,445,47,4
2922,446,2,4
2923,446,10,4
2924,446,11,4
2925,446,16,4
2926,446,17,4
2927,446,21,4
2928,446,25,4
2929,446,32,4
2930,446,34,4
2931,446,39,4
2932,446,45,4
2933,446,47,4
2934,446,50,4
2935,446,95,4
2936,447,2,3
2937,447,10,3
2938,447,31,3
2939,447,44,3
2940,447,48,3
2941,448,1,3
2942,448,2,3
2943,448,3,3
2944,448,5,3
2945,448,10,3
2946,448,12,3
2947,448,16,3
2948,448,19,3
2949,448,20,3
2950,448,21,3
2951,448,32,3
2952,448,38,3
2953,448,47,3
2954,448,50,3
2955,448,65,3
2956,448,66,3
2957,448,95,3
2958,449,32,2
2959,449,50,2
2960,450,70,4
2961,450,5,4
2962,450,35,4
2963,451,1,4
2964,451,5,4
2965,451,6,4
2966,451,7,4
2967,451,17,4
2968,451,25,4
2969,451,32,4
2970,451,94,4
2971,451,95,4
2972,452,10,4
2973,452,44,4
2974,452,47,4
2975,452,69,4
2976,452,70,4
2977,453,1,5
2978,453,10,5
2979,453,16,5
2980,453,21,5
2981,453,32,5
2982,453,34,5
2983,453,47,5
2984,453,50,5
2985,453,70,5
2986,454,82,4
2987,454,19,4
2988,454,86,4
2989,455,11,4
2990,455,34,4
2991,455,50,4
2992,455,62,4
2993,456,1,5
2994,456,3,5
2995,456,5,5
2996,456,9,5
2997,456,32,5
2998,456,64,5
2999,456,65,5
3000,456,74,5
3001,456,79,5
3002,457,34,5
3003,458,2,5
3004,458,5,5
3005,458,10,5
3006,458,21,5
3007,458,27,5
3008,458,39,5
3009,458,48,5
3010,458,62,5
3011,458,95,5
3012,459,57,5
3013,459,90,5
3014,459,62,5
3015,459,15,5
3016,459,32,5
3017,460,1,3
3018,460,26,3
3019,461,96,3
3020,461,30,3
3021,461,39,3
3022,461,55,3
3023,462,1,3
3024,462,10,3
3025,462,16,3
3026,462,21,3
3027,462,25,3
3028,462,32,3
3029,462,36,3
3030,462,47,3
3031,462,50,3
3032,462,52,3
3033,463,86,3
3034,463,15,3
3035,463,33,3
3036,464,9,3
3037,464,16,3
3038,464,20,3
3039,464,23,3
3040,464,25,3
3041,464,31,3
3042,464,32,3
3043,464,47,3
3044,465,95,3
3045,465,11,3
3046,465,6,3
3047,465,57,3
3048,465,28,3
3049,466,59,4
3050,466,57,4
3051,466,46,4
3052,467,41,4
3053,467,58,4
3054,468,1,4
3055,468,32,4
3056,468,39,4
3057,468,47,4
3058,469,1,3
3059,469,6,3
3060,469,10,3
3061,469,11,3
3062,469,29,3
3063,469,32,3
3064,469,36,3
3065,469,39,3
3066,469,44,3
3067,469,45,3
3068,469,47,3
3069,469,50,3
3070,469,70,3
3071,469,89,3
3072,470,1,3
3073,470,2,3
3074,470,3,3
3075,470,5,3
3076,470,6,3
3077,470,7,3
3078,470,10,3
3079,470,14,3
3080,470,19,3
3081,470,21,3
3082,470,26,3
3083,470,32,3
3084,470,34,3
3085,470,36,3
3086,470,39,3
3087,470,41,3
3088,470,43,3
3089,470,47,3
3090,470,50,3
3091,470,62,3
3092,470,95,3
3093,471,1,3
3094,471,88,3
3095,471,8,3
3096,471,12,3
3097,472,50,3
3098,472,81,3
3099,472,91,3
3100,472,43,3
3101,473,60,3
3102,473,72,3
3103,473,41,3
3104,474,1,3
3105,474,2,3
3106,474,5,3
3107,474,6,3
3108,474,7,3
3109,474,11,3
3110,474,14,3
3111,474,16,3
3112,474,17,3
3113,474,21,3
3114,474,22,3
3115,474,24,3
3116,474,25,3
3117,474,26,3
3118,474,27,3
3119,474,28,3
3120,474,29,3
3121,474,31,3
3122,474,32,3
3123,474,34,3
3124,474,36,3
3125,474,38,3
3126,474,39,3
3127,474,41,3
3128,474,43,3
3129,474,45,3
3130,474,46,3
3131,474,47,3
3132,474,50,3
3133,474,52,3
3134,474,57,3
3135,474,58,3
3136,474,62,3
3137,474,74,3
3138,474,82,3
3139,474,92,3
3140,474,96,3
3141,474,100,3
3142,475,2,3
3143,475,19,3
3144,475,36,3
3145,475,69,3
3146,475,58,3
3147,476,1,4
3148,476,2,4
3149,476,10,4
3150,476,11,4
3151,476,13,4
3152,476,32,4
3153,476,34,4
3154,476,45,4
3155,476,48,4
3156,476,73,4
3157,477,1,4
3158,477,2,4
3159,477,3,4
3160,477,19,4
3161,477,24,4
3162,477,32,4
3163,477,34,4
3164,477,47,4
3165,477,66,4
3166,477,76,4
3167,478,14,3
3168,478,99,3
3169,478,56,3
3170,478,33,3
3171,479,24,4
3172,479,31,4
3173,479,45,4
3174,479,82,4
3175,480,1,3
3176,480,2,3
3177,480,3,3
3178,480,6,3
3179,480,10,3
3180,480,16,3
3181,480,19,3
3182,480,21,3
3183,480,32,3
3184,480,34,3
3185,480,39,3
3186,480,47,3
3187,480,50,3
3188,480,60,3
3189,480,62,3
3190,480,69,3
3191,480,95,3
3192,481,60,3
3193,481,15,3
3194,481,95,3
3195,481,14,3
3196,482,2,4
3197,482,16,4
3198,482,50,4
3199,482,62,4
3200,483,1,4
3201,483,2,4
3202,483,5,4
3203,483,10,4
3204,483,16,4
3205,483,18,4
3206,483,19,4
3207,483,23,4
3208,483,24,4
3209,483,26,4
3210,483,29,4
3211,483,31,4
3212,483,32,4
3213,483,47,4
3214,483,48,4
3215,483,50,4
3216,483,81,4
3217,484,1,4
3218,484,2,4
3219,484,39,4
3220,484,47,4
3221,484,48,4
3222,484,63,4
3223,484,69,4
3224,484,72,4
3225,485,10,4
3226,485,95,4
3227,485,38,4
3228,485,64,4
3229,486,6,4
3230,486,10,4
3231,486,21,4
3232,486,32,4
3233,486,39,4
3234,486,44,4
3235,486,47,4
3236,486,86,4
3237,486,95,4
3238,487,37,4
3239,487,52,4
3240,487,23,4
3241,487,41,4
3242,487,50,4
3243,488,1,2
3244,488,17,2
3245,488,26,2
3246,488,34,2
3247,488,36,2
3248,488,73,2
3249,489,2,2
3250,489,5,2
3251,489,7,2
3252,489,10,2
3253,489,11,2
3254,489,17,2
3255,489,18,2
3256,489,19,2
3257,489,21,2
3258,489,22,2
3259,489,32,2
3260,489,34,2
3261,489,39,2
3262,489,46,2
3263,489,47,2
3264,489,48,2
3265,489,70,2
3266,489,95,2
3267,490,1,2
3268,490,5,2
3269,491,16,3
3270,491,78,3
3271,491,84,3
3272,491,2,3
3273,492,1,4
3274,492,3,4
3275,492,5,4
3276,492,6,4
3277,492,7,4
3278,492,9,4
3279,492,12,4
3280,492,14,4
3281,492,32,4
3282,492,36,4
3283,492,52,4
3284,492,61,4
3285,492,62,4
3286,492,63,4
3287,492,64,4
3288,492,65,4
3289,492,66,4
3290,492,74,4
3291,492,75,4
3292,492,76,4
3293,492,79,4
3294,492,88,4
3295,492,95,4
3296,492,100,4
3297,493,6,3
3298,493,3,3
3299,493,75,3
3300,493,70,3
3301,494,65,5
3302,494,54,5
3303,494,58,5
3304,495,19,5
3305,495,50,5
3306,496,18,5
3307,496,11,5
3308,496,93,5
3309,496,26,5
3310,497,2,5
3311,497,19,5
3312,497,50,5
3313,498,7,3
3314,498,10,3
3315,498,34,3
3316,498,47,3
3317,498,62,3
3318,499,19,3
3319,499,7,3
3320,499,22,3
3321,499,76,3
3322,500,1,3
3323,500,11,3
3324,500,39,3
3325,501,2,3
3326,501,3,3
3327,501,5,3
3328,501,6,3
3329,501,7,3
3330,501,8,3
3331,501,10,3
3332,501,11,3
3333,501,15,3
3334,501,16,3
3335,501,17,3
3336,501,18,3
3337,501,20,3
3338,501,21,3
3339,501,25,3
3340,501,27,3
3341,501,32,3
3342,501,36,3
3343,501,45,3
3344,501,50,3
3345,501,61,3
3346,501,62,3
3347,501,73,3
3348,501,86,3
3349,501,93,3
3350,501,95,3
3351,502,45,3
3352,502,83,3
3353,502,5,3
3354,502,92,3
3355,502,33,3
3356,503,56,3
3357,503,4,3
3358,503,39,3
3359,504,1,3
3360,504,22,3
3361,504,34,3
3362,504,22,3
3363,504,25,3
3364,505,47,3
3365,505,37,3
3366,505,66,3
3367,505,76,3
3368,506,27,3
3369,506,39,3
3370,507,34,3
3371,507,39,3
3372,507,47,3
3373,508,75,1
3374,508,71,1
3375,508,66,1
3376,508,98,1
3377,508,29,1
3378,509,1,1
3379,509,5,1
3380,509,13,1
3381,509,17,1
3382,509,19,1
3383,509,28,1
3384,509,32,1
3385,509,34,1
3386,509,39,1
3387,509,48,1
3388,510,7,3
3389,510,16,3
3390,510,50,3
3391,511,46,3
3392,511,100,3
3393,511,73,3
3394,511,72,3
3395,512,2,3
3396,512,32,3
3397,512,39,3
3398,512,47,3
3399,512,50,3
3400,513,7,3
3401,513,32,3
3402,513,7,3
3403,513,85,3
3404,513,97,3
3405,514,1,3
3406,514,11,3
3407,514,16,3
3408,514,22,3
3409,514,34,3
3410,514,44,3
3411,514,47,3
3412,514,62,3
3413,515,50,3
3414,515,22,3
3415,515,40,3
3416,515,81,3
3417,516,61,3
3418,516,30,3
3419,516,21,3
3420,516,97,3
3421,517,1,3
3422,517,2,3
3423,517,10,3
3424,517,17,3
3425,517,34,3
3426,517,47,3
3427,518,24,3
3428,518,31,3
3429,519,91,3
3430,519,39,3
3431,519,54,3
3432,519,29,3
3433,520,10,4
3434,520,19,4
3435,520,32,4
3436,521,5,4
3437,521,6,4
3438,521,7,4
3439,521,14,4
3440,521,18,4
3441,521,25,4
3442,521,29,4
3443,521,32,4
3444,521,36,4
3445,521,43,4
3446,521,52,4
3447,521,58,4
3448,521,79,4
3449,521,81,4
3450,521,86,4
3451,521,95,4
3452,522,1,3
3453,522,10,3
3454,522,50,3
3455,522,62,3
3456,523,2,3
3457,523,88,3
3458,523,83,3
3459,523,61,3
3460,524,1,3
3461,524,6,3
3462,524,10,3
3463,524,12,3
3464,524,19,3
3465,524,20,3
3466,524,21,3
3467,524,23,3
3468,524,25,3
3469,524,32,3
3470,524,47,3
3471,524,50,3
3472,524,76,3
3473,524,86,3
3474,524,95,3
3475,525,1,4
3476,525,2,4
3477,525,34,4
3478,525,39,4
3479,525,47,4
3480,525,48,4
3481,525,50,4
3482,525,62,4
3483,526,88,4
3484,526,54,4
3485,526,70,4
3486,526,52,4
3487,527,2,3
3488,527,30,3
3489,527,34,3
3490,527,48,3
3491,528,1,5
3492,528,39,5
3493,528,79,5
3494,528,98,5
3495,529,1,5
3496,529,7,5
3497,529,32,5
3498,529,62,5
3499,529,65,5
3500,529,95,5
3501,530,11,5
3502,530,4,5
3503,530,75,5
3504,530,91,5
3505,530,44,5
3506,531,10,5
3507,531,16,5
3508,531,100,5
3509,531,23,5
3510,532,6,5
3511,532,50,5
3512,532,14,5
3513,532,96,5
3514,533,1,5
3515,533,7,5
3516,533,90,5
3517,534,1,5
3518,534,2,5
3519,534,10,5
3520,534,19,5
3521,534,31,5
3522,534,34,5
3523,534,44,5
3524,534,47,5
3525,534,48,5
3526,535,11,5
3527,535,58,5
3528,535,77,5
3529,535,17,5
3530,536,45,5
3531,536,98,5
3532,536,80,5
3533,537,96,5
3534,537,79,5
3535,537,2,5
3536,537,9,5
3537,538,73,5
3538,538,9,5
3539,538,33,5
3540,538,62,5
3541,539,65,4
3542,539,88,4
3543,540,47,4
3544,541,1,4
3545,541,7,4
3546,541,10,4
3547,541,11,4
3548,541,15,4
3549,541,19,4
3550,541,22,4
3551,541,47,4
3552,541,50,4
3553,541,95,4
3554,542,47,4
3555,543,88,3
3556,543,74,3
3557,543,35,3
3558,543,62,3
3559,544,1,5
3560,544,3,5
3561,544,14,5
3562,544,32,5
3563,544,40,5
3564,544,62,5
3565,544,68,5
3566,544,95,5
3567,545,44,5
3568,545,96,5
3569,546,70,4
3570,546,47,4
3571,546,25,4
3572,547,48,4
3573,547,11,4
3574,547,23,4
3575,548,69,4
3576,548,60,4
3577,548,30,4
3578,549,35,1
3579,549,9,1
3580,549,47,1
3581,549,23,1
3582,550,1,1
3583,550,69,1
3584,550,47,1
3585,551,47,1
3586,551,3,1
3587,551,52,1
3588,552,3,1
3589,552,19,1
3590,552,25,1
3591,552,95,1
3592,553,6,4
3593,553,16,4
3594,553,32,4
3595,553,42,4
3596,553,50,4
3597,554,93,4
3598,554,50,4
3599,555,1,3
3600,555,3,3
3601,555,19,3
3602,555,21,3
3603,555,24,3
3604,555,29,3
3605,555,32,3
3606,555,39,3
3607,555,50,3
3608,555,65,3
3609,555,72,3
3610,555,75,3
3611,555,88,3
3612,556,16,3
3613,556,68,3
3614,556,78,3
3615,556,54,3
3616,557,10,3
3617,557,9,3
3618,557,96,3
3619,558,94,3
3620,558,31,3
3621,558,90,3
3622,558,2,3
3623,559,1,3
3624,559,2,3
3625,559,6,3
3626,559,10,3
3627,559,15,3
3628,559,19,3
3629,559,32,3
3630,559,34,3
3631,559,36,3
3632,559,39,3
3633,559,48,3
3634,559,58,3
3635,559,66,3
3636,559,76,3
3637,559,95,3
3638,560,1,4
3639,560,32,4
3640,560,34,4
3641,560,47,4
3642,560,48,4
3643,560,50,4
3644,560,70,4
3645,560,97,4
3646,561,1,4
3647,561,2,4
3648,561,5,4
3649,561,6,4
3650,561,31,4
3651,561,32,4
3652,561,34,4
3653,561,39,4
3654,561,44,4
3655,561,47,4
3656,561,50,4
3657,562,1,4
3658,562,50,4
3659,563,2,4
3660,563,34,4
3661,563,48,4
3662,564,39,5
3663,564,96,5
3664,564,9,5
3665,564,39,5
3666,565,19,5
3667,565,21,5
3668,565,32,5
3669,565,34,5
3670,565,47,5
3671,565,50,5
3672,565,57,5
3673,565,87,5
3674,566,2,5
3675,566,7,5
3676,566,10,5
3677,566,11,5
3678,566,17,5
3679,566,21,5
3680,566,25,5
3681,566,32,5
3682,566,39,5
3683,566,50,5
3684,566,57,5
3685,567,1,3
3686,567,34,3
3687,567,50,3
3688,568,50,3
3689,568,92,3
3690,568,5,3
3691,568,39,3
3692,569,10,3
3693,569,50,3
3694,569,15,3
3695,569,7,3
3696,570,1,3
3697,570,2,3
3698,570,10,3
3699,570,11,3
3700,570,25,3
3701,570,32,3
3702,570,34,3
3703,570,39,3
3704,570,47,3
3705,570,95,3
3706,571,12,3
3707,571,70,3
3708,571,93,3
3709,571,18,3
3710,572,1,4
3711,572,17,4
3712,572,21,4
3713,572,62,4
3714,573,1,4
3715,573,2,4
3716,573,6,4
3717,573,10,4
3718,573,47,4
3719,573,50,4
3720,574,47,4
3721,574,63,4
3722,574,93,4
3723,575,57,4
3724,575,18,4
3725,575,91,4
3726,576,29,4
3727,576,92,4
3728,577,6,4
3729,577,39,4
3730,577,88,4
3731,578,56,4
3732,578,80,4
3733,578,2,4
3734,579,1,4
3735,579,11,4
3736,579,17,4
3737,579,34,4
3738,579,48,4
3739,580,1,4
3740,580,6,4
3741,580,10,4
3742,580,16,4
3743,580,22,4
3744,580,25,4
3745,580,32,4
3746,580,34,4
3747,580,47,4
3748,580,50,4
3749,580,62,4
3750,580,70,4
3751,581,14,4
3752,581,80,4
3753,581,30,4
3754,581,86,4
3755,581,74,4
3756,582,10,3
3757,582,96,3
3758,582,49,3
3759,582,67,3
3760,583,39,3
3761,583,12,3
3762,583,96,3
3763,583,45,3
3764,584,1,3
3765,584,10,3
3766,584,19,3
3767,584,22,3
3768,584,34,3
3769,584,39,3
3770,584,47,3
3771,584,48,3
3772,584,60,3
3773,584,20,3
3774,585,16,3
3775,585,88,3
3776,586,2,5
3777,586,97,5
3778,586,44,5
3779,586,79,5
3780,587,1,5
3781,587,11,5
3782,587,21,5
3783,587,32,5
3784,587,50,5
3785,587,58,5
3786,588,3,3
3787,588,6,3
3788,588,10,3
3789,588,16,3
3790,588,20,3
3791,588,21,3
3792,588,22,3
3793,588,25,3
3794,588,36,3
3795,588,42,3
3796,588,47,3
3797,588,50,3
3798,589,25,3
3799,589,36,3
3800,589,49,3
3801,589,61,3
3802,589,30,3
3803,590,1,3
3804,590,2,3
3805,590,3,3
3806,590,5,3
3807,590,6,3
3808,590,10,3
3809,590,11,3
3810,590,17,3
3811,590,19,3
3812,590,32,3
3813,590,36,3
3814,590,47,3
3815,590,50,3
3816,591,24,3
3817,592,2,4
3818,592,6,4
3819,592,10,4
3820,592,15,4
3821,592,19,4
3822,592,21,4
3823,592,24,4
3824,592,39,4
3825,592,44,4
3826,592,93,4
3827,592,95,4
3828,593,34,4
3829,593,41,4
3830,593,50,4
3831,594,2,4
3832,594,3,4
3833,594,11,4
3834,594,17,4
3835,594,28,4
3836,594,39,4
3837,594,46,4
3838,594,48,4
3839,594,70,4
3840,595,50,4
3841,595,92,4
3842,595,64,4
3843,595,44,4
3844,596,1,4
3845,596,32,4
3846,596,34,4
3847,596,39,4
3848,596,50,4
3849,597,1,4
3850,597,6,4
3851,597,7,4
3852,597,10,4
3853,597,11,4
3854,597,17,4
3855,597,21,4
3856,597,34,4
3857,597,39,4
3858,597,42,4
3859,597,45,4
3860,597,47,4
3861,597,50,4
3862,597,52,4
3863,597,69,4
3864,597,70,4
3865,598,36,3
3866,598,83,3
3867,598,73,3
3868,598,43,3
3869,598,31,3
3870,599,1,3
3871,599,2,3
3872,599,3,3
3873,599,6,3
3874,599,7,3
3875,599,9,3
3876,599,10,3
3877,599,11,3
3878,599,12,3
3879,599,15,3
3880,599,16,3
3881,599,17,3
3882,599,18,3
3883,599,19,3
3884,599,20,3
3885,599,21,3
3886,599,23,3
3887,599,24,3
3888,599,26,3
3889,599,29,3
3890,599,31,3
3891,599,32,3
3892,599,39,3
3893,599,41,3
3894,599,42,3
3895,599,43,3
3896,599,44,3
3897,599,45,3
3898,599,47,3
3899,599,50,3
3900,599,52,3
3901,599,57,3
3902,599,60,3
3903,599,61,3
3904,599,65,3
3905,599,69,3
3906,599,70,3
3907,599,73,3
3908,599,75,3
3909,599,76,3
3910,599,79,3
3911,599,81,3
3912,599,87,3
3913,599,88,3
3914,599,89,3
3915,599,93,3
3916,599,95,3
3917,599,97,3
3918,599,100,3
3919,600,1,3
3920,600,2,3
3921,600,4,3
3922,600,5,3
3923,600,7,3
3924,600,17,3
3925,600,19,3
3926,600,24,3
3927,600,29,3
3928,600,32,3
3929,600,34,3
3930,600,39,3
3931,600,46,3
3932,600,47,3
3933,600,52,3
3934,600,62,3
3935,600,72,3
3936,600,73,3
3937,601,1,3
3938,601,47,3
3939,601,50,3
3940,602,2,3
3941,602,6,3
3942,602,10,3
3943,602,11,3
3944,602,14,3
3945,602,16,3
3946,602,19,3
3947,602,21,3
3948,602,22,3
3949,602,25,3
3950,602,29,3
3951,602,32,3
3952,602,34,3
3953,602,36,3
3954,602,39,3
3955,602,45,3
3956,602,47,3
3957,602,50,3
3958,602,52,3
3959,602,95,3
3960,602,100,3
3961,603,1,4
3962,603,6,4
3963,603,16,4
3964,603,17,4
3965,603,21,4
3966,603,25,4
3967,603,28,4
3968,603,29,4
3969,603,30,4
3970,603,32,4
3971,603,34,4
3972,603,36,4
3973,603,39,4
3974,603,45,4
3975,603,52,4
3976,603,53,4
3977,603,57,4
3978,603,58,4
3979,603,62,4
3980,603,70,4
3981,603,77,4
3982,603,82,4
3983,603,85,4
3984,603,97,4
3985,603,99,4
3986,604,1,4
3987,604,2,4
3988,604,5,4
3989,604,6,4
3990,604,14,4
3991,604,17,4
3992,604,19,4
3993,604,22,4
3994,604,23,4
3995,604,25,4
3996,604,32,4
3997,604,34,4
3998,604,39,4
3999,604,60,4
4000,604,62,4
4001,604,76,4
4002,604,92,4
4003,604,95,4
4004,605,1,4
4005,605,2,4
4006,605,28,4
4007,605,73,4
4008,606,1,4
4009,606,7,4
4010,606,11,4
4011,606,15,4
4012,606,17,4
4013,606,18,4
4014,606,19,4
4015,606,28,4
4016,606,29,4
4017,606,32,4
4018,606,36,4
4019,606,46,4
4020,606,47,4
4021,606,50,4
4022,606,58,4
4023,606,68,4
4024,606,70,4
4025,606,73,4
4026,606,80,4
4027,606,82,4
4028,606,92,4
4029,607,1,4
4030,607,11,4
4031,607,25,4
4032,607,34,4
4033,607,36,4
4034,607,86,4
4035,608,1,2
4036,608,2,2
4037,608,3,2
4038,608,10,2
4039,608,16,2
4040,608,19,2
4041,608,21,2
4042,608,24,2
4043,608,31,2
4044,608,32,2
4045,608,34,2
4046,608,39,2
4047,608,44,2
4048,608,47,2
4049,608,48,2
4050,608,50,2
4051,608,63,2
4052,608,65,2
4053,608,70,2
4054,608,88,2
4055,608,93,2
4056,608,95,2
4057,609,1,4
4058,609,10,4
4059,610,1,4
4060,610,6,4
4061,610,16,4
4062,610,32,4
4063,610,47,4
4064,610,50,4
4065,610,70,4
4066,610,95,4
